koi_disposition,koi_period,koi_duration,koi_depth,koi_prad,koi_teq,koi_insol,koi_steff,koi_slogg,koi_srad,koi_smass,koi_impact,koi_model_snr
CONFIRMED,449.6942296401823,8.865109332127851,6824.029633313279,12.90074614844667,1787.99724547383,67.69317735517176,5437.5660648362555,4.262228810245108,2.107969499044575,1.0689373156098012,0.814517080605417,70.17697598826733
FALSE POSITIVE,256.92031101180606,7.1975677991864755,815.4166220595085,17.065984887108463,549.547358448028,65.40224345319739,6751.079324709011,3.6842676714330955,0.8528861340843459,0.6243448153469189,0.3147301997613662,26.282485100861848
CANDIDATE,452.9770161167633,6.819397318099404,4920.908187576586,3.000142879511908,1800.6270841279236,47.0174228893319,3709.0742598818106,4.562940355533762,2.384783127145338,0.6857769100488728,0.5052403545014136,79.78351131866141
CONFIRMED,203.29621100366901,3.200984296461983,1553.228557217142,19.47930147751857,596.1483170283747,72.18381799370731,6012.4944300482475,4.197207068137866,1.7106784945603473,1.2784614960790983,0.882769422083451,99.05714851600739
FALSE POSITIVE,386.3147405388808,7.8283555984926805,6786.924345455335,6.601716751044103,249.6050261837616,61.95073750272994,6232.668151149046,4.621063457889594,1.514420483988279,1.3150905229165446,0.9678297247798847,62.30323247070568
CANDIDATE,489.99703590667286,6.600066443516988,2574.271963774062,8.356122803649091,1573.8287793056613,56.86663701514677,3342.6107115419545,4.726210591106896,0.6780197418274179,1.11564176800725,0.4701283691526711,32.546287103170044
CONFIRMED,281.17999825577294,3.9991972236428888,8827.26805076337,3.4261478040782274,1472.6437183367166,94.76058519750286,4385.59721705148,3.8294885486250627,1.9236309381766006,1.116835153051916,0.6789694179940055,8.632420506302626
FALSE POSITIVE,427.7977455410379,2.0803222015687335,3871.319900095079,1.3514403263081953,1816.0255563827602,61.819777802319884,5206.6152648253355,3.8245215037053306,0.8047155748408881,0.8173473884926135,0.7193170918859969,36.721635110850656
CANDIDATE,277.54684853724694,3.1289932143454307,8655.258861261746,0.9963005786552337,743.7661830313317,72.80491792759483,6036.546546897247,4.849062521801613,0.7907506110969251,1.8487547435244607,0.40645323789332544,76.20025639687721
CONFIRMED,40.758880303315635,2.892807072189684,7958.930455520794,4.397368956386026,209.83827670035754,77.17308144243617,5046.25309300657,3.917169725246705,0.535955302534185,1.6366513516751477,0.9903687107505899,32.01208848064647
FALSE POSITIVE,314.45709502832585,8.900619197475791,4745.083195772541,6.666277724587644,1634.031715170076,80.02230988208105,5911.619847629761,4.0919973941681445,0.692753262592428,1.57351441317598,0.6620076034014264,87.0347812453856
CANDIDATE,326.93717734560437,6.51884675735983,7582.288530935257,4.316372674958651,650.9863370383732,82.95453035487085,5299.127925375398,4.723050826461655,1.3937760379442756,1.2476859352628509,0.6961059474944918,21.955960879337013
CONFIRMED,173.7882554064624,9.873270410062295,6197.437864871776,3.932747737560858,1525.260001517072,45.38835976236637,5553.399012960928,3.543198602250185,0.5452164756214102,1.261823271854497,0.2662543720158933,60.3935170409334
FALSE POSITIVE,15.872628464663983,4.613211801797812,9228.664495030765,3.101366525267734,1677.1798829791294,37.62417322645468,4842.947155125323,4.165350597861917,1.3700968408034138,1.2000054771625162,0.9121742294200859,91.55214081457068
CANDIDATE,422.04072879822365,4.935636300379246,9037.800406390512,3.1863626465455175,607.7506872443689,86.26659598784856,3156.002069825861,4.890120656196725,1.1281582389056235,0.7557393968519777,0.8528075024686134,39.17725404418411
CONFIRMED,408.8121093040533,6.116707358775244,9982.032616519087,15.790697782374734,1904.5493516584722,21.218971959998225,4694.362254621088,3.756925874068779,1.103409301068814,1.8359050837451427,0.8317428410644613,77.73574576250728
FALSE POSITIVE,251.99537388767007,1.177293687853528,4421.206698083096,2.300755687267112,1733.7666736826209,72.86681650299744,4588.965388820214,3.9460490601104983,0.7097589482186262,1.5898081433077893,0.011422433413286859,19.126691193193086
CANDIDATE,175.64574413645565,2.8011762994492235,3833.6532317375436,6.572017476033894,1318.6537238288633,98.92078098160881,3376.7662717895846,4.669207951456926,1.936737762764469,0.9242206507487742,0.41532932677084833,71.28518880068451
CONFIRMED,239.56512055069672,8.152676153764464,1614.6621290292333,11.697600404304252,780.1985331903579,82.08290967873307,6784.072399428955,3.7490149584210672,1.213791994200611,0.9493752889998028,0.2796496663370025,65.03735588642328
FALSE POSITIVE,261.7847267011702,1.711464382896906,1677.1193754712751,3.2101337885901993,397.7002988320023,51.57770163051529,6469.23732747075,3.7463584979043816,0.8157962390587961,1.7509997560682793,0.7101169669458687,86.94661725532563
CANDIDATE,63.91513414918843,3.5884238032877636,1917.106918812977,6.556849040166666,676.2567887747363,35.662614109599005,3926.3850054026298,4.831400663346728,1.1703369595019006,1.6668598666050318,0.8489363573322181,88.64667582660147
CONFIRMED,451.9442386532866,7.248734319372702,6973.037054734961,9.010919309588129,1363.048674833404,49.167257063698756,4672.235340840384,4.061610610309762,1.6078021703053473,0.8355517613031966,0.7422661346986533,95.88349677635308
FALSE POSITIVE,483.90456119887966,5.268090577212986,6526.756553966929,11.468966913756843,1336.4039195050389,28.524456243367585,6810.2068864962,3.6502329306275487,0.5260964452128811,1.1217065756232065,0.8453704589302573,17.40388070942471
CANDIDATE,195.22817461897827,6.730511840695418,6568.279111700971,0.6220139171459939,626.3165496130421,67.05645475908659,4564.115003235555,4.801449496802707,1.1337189932608929,1.1486636447128316,0.08168706829483996,36.109381143214186
CONFIRMED,114.62679747526504,2.619358816692853,2314.605326823805,3.5657321389010637,1870.6560295606432,11.177412159077585,4412.758677560968,3.6202299097712514,1.0746835463402538,1.9764155905688094,0.7589110835651116,35.47357285136111
FALSE POSITIVE,284.2024782035037,5.037069840644879,1943.5265039329402,18.297275226808388,723.3612789381857,2.807049897137969,3648.477824981684,4.298300201283696,0.6975772540085223,1.6365782353360063,0.7221421004900513,77.06380888247128
CANDIDATE,279.812987539097,8.607899778924956,8708.092689488909,18.125483769431177,666.1882041842387,83.70042235253197,3313.6738707996424,4.702645541071808,1.27786461166675,1.8362072750337295,0.50439424404735,36.277339397454575
CONFIRMED,381.2473477625141,1.6710982361551068,1378.2202930892493,18.609705355197725,948.3352597199124,36.40017726633765,4573.034973298472,4.267767971880416,1.4739709919202704,0.6538566921302436,0.8956728565555784,48.30172880874224
FALSE POSITIVE,281.958903482318,1.8130269128922392,4041.705317872313,2.4789838896782994,1597.500869088343,28.668976596834945,4219.480541436221,3.8817903313513233,2.2634856753470274,1.7227027929466208,0.9525162002000529,34.87541232650334
CANDIDATE,249.5006310149669,6.086345054782588,1271.633628661199,12.738699034138774,370.3023170731042,55.83752502382476,4270.273953040014,4.619047909057803,1.8782893402841045,1.1477289771483596,0.24080447341140998,17.854799285639245
CONFIRMED,67.62914746857132,4.92382879217611,1948.8869420103256,3.6547259580172984,1426.4542637900922,26.369587035982804,5373.32354433305,4.363305602655065,1.249250200547272,1.4227680646009229,0.5760485622272384,18.721253886692764
FALSE POSITIVE,340.85251863169697,9.440891285939136,9564.459110302652,2.61768982161946,544.2429131535696,94.0752797303688,5795.037776304985,4.950598484911892,1.4452297259097502,1.4912911426979374,0.4614153899273373,15.044885026663676
CANDIDATE,44.21265995183523,1.272724340095575,6334.7446080815125,5.2205917521224485,1926.7522701610342,89.32774652944,6556.630526987072,4.770175108692198,0.6061227391335968,1.7392388988091798,0.3237828585549857,64.29373912551624
CONFIRMED,95.11779592086268,9.963366796248055,6016.002684915715,16.96679141370366,1316.978797674607,42.26346415351319,4012.6661271128114,3.823380056350728,0.6199313136065836,0.6747532811149064,0.16981188036879813,85.57740882072633
FALSE POSITIVE,2.992255389565532,1.5448338117754146,5603.829168369515,19.277525591747615,214.74666617327762,9.421141769806157,3075.7267700767075,3.887108729800863,1.435577848056791,1.148676645143007,0.39055072452576955,60.548667711651056
CANDIDATE,340.6337119001715,7.108686205147445,6670.599833708083,7.985833316912221,795.9460741330045,60.8848287882656,6667.338133387648,4.185884991134763,1.3757396795883026,1.9709880276565108,0.634040253133203,65.98700390872412
CONFIRMED,122.7783835230456,8.753292930376858,1129.60130029326,12.39076693592564,1942.6999433546089,17.08048122594466,4853.998751174297,3.8934788677078402,1.5433031853355865,1.2397880331196125,0.9847054493836951,43.47987873894379
FALSE POSITIVE,68.15510123205802,2.862243339012564,1386.6598949725776,12.63731758048213,1920.5984185649552,46.58097744817805,4688.569116297528,4.593021504059569,1.200115795850409,1.8739574199450333,0.5156173136045451,59.74070175099406
CANDIDATE,236.76989566674487,1.4897132462458358,3696.3098128546485,11.695462154942364,917.0760030440188,24.102727666682878,6625.167583767368,4.705555975822327,1.9259383141404107,1.370618243945428,0.5364148322775115,27.08420884485812
CONFIRMED,121.79964843950958,6.7599669864325564,9958.048190153664,5.117056887507092,1095.3088863253486,86.63212968755235,4471.189553037945,4.319967045560409,1.8471814703179805,0.9861324869902599,0.7895629726323948,38.93680392821005
FALSE POSITIVE,1.646120866196417,7.198832249825324,301.1457657670808,7.9373637210351635,508.7671450315256,61.687477328218954,6149.783718815612,4.6275202714227,1.9309605997025716,1.5852618740815814,0.8395428321109927,17.963139857324414
CANDIDATE,27.567274555428277,4.754985919386028,9537.716779268747,14.970174353440456,1483.7408673051223,44.0593430508085,6135.994652560608,3.767813560898987,0.9879267830096119,1.908610206545701,0.931779200447639,26.30048545699587
CONFIRMED,209.74540065088044,4.148926327967211,6575.149792772801,3.220018062186619,1486.1214043441296,42.741057749817045,4338.098393846382,4.238223764626374,1.496601511394895,1.8236969543737787,0.5178173116639457,95.54019105463495
FALSE POSITIVE,293.6601954838119,1.861586429420624,2132.6082657061816,2.697853491814868,1450.0710798081857,62.88013176076822,6347.131108164395,3.8612099769421118,0.5480125139927221,1.1108367766073046,0.03170910022681883,20.516181047848775
CANDIDATE,225.1521373900555,6.231150884636496,5959.320562152261,17.393405497953143,1309.1072366051364,31.34046211635831,4917.412821117361,3.99675467324425,1.4158438831457323,1.1638452180330736,0.5103233569369309,85.60359836745309
CONFIRMED,63.39481711721264,1.6587173020610646,2479.142495442582,11.312972048848051,352.18693111411903,1.9433238995609081,4837.324454524527,3.9491200635707,2.492546918224294,1.684458030638137,0.7811753198716291,85.60648189049436
FALSE POSITIVE,436.64633215913193,5.013316368245191,9048.834213148997,17.66293923669625,1048.9002491919127,46.99359410191735,4216.060086486474,4.616584228062809,2.105138367780337,1.2386011354814186,0.8657787463192387,27.99540025500027
CANDIDATE,339.9889530608108,2.306195894630005,9932.402120707497,19.638145862197632,1209.952405647031,17.165009229004177,3015.870734434331,4.247078419456028,2.2539032955308116,0.7847450608337463,0.5885759682243075,18.226736478778907
CONFIRMED,377.3129150319554,8.424726033092517,5054.04904828037,1.3177854471330666,565.26032522079,49.459702536363864,5049.193103895268,4.1307151915422375,2.0424791886394456,1.831423565596078,0.17775654479933,36.895536725959914
FALSE POSITIVE,300.15813889227127,2.25370460971231,2879.87952113697,5.5533691211284735,1861.1310178970732,26.742466526980554,3464.6542011672746,4.4258936952518155,1.1326537462061532,0.5729377712882786,0.6906092537242787,19.989263958020864
CANDIDATE,427.0779121321323,4.906195312249758,4264.115388880776,18.94693123106796,559.0943328754067,65.06843097148932,3022.5707643737105,4.8812152780299725,1.539133080069078,0.9897191645154556,0.11876293518978964,48.09398464759441
CONFIRMED,53.641731682353615,2.814232386383177,4729.981176378185,9.39408287503587,1347.0427888203267,79.31800822633272,5383.071266191027,3.509639075643221,0.7714952529088439,1.5246126139419847,0.6912987253032126,59.35367632299092
FALSE POSITIVE,474.45363444886976,5.739748153414802,4891.904644980123,6.71498476740758,475.28862105908524,68.47698557488057,6928.541608862584,4.385600561594677,1.1152831453477727,1.7985993596856038,0.25877792815727796,56.86989392961976
CANDIDATE,188.05196820671316,6.045861647930891,6949.541544310789,1.7946327812865794,366.62331014376014,40.85019505551765,5253.338002029649,3.9571307264741367,1.036735290431737,1.0095323459448151,0.4186041794541645,38.18021779319947
CONFIRMED,170.85035899227105,2.0260143938357045,6414.287822262555,1.605503150493215,1793.4369655952114,28.0154435145584,5101.493521205743,4.906793799226893,2.2069432016059083,1.2954148161379533,0.32743032530335836,48.322603750209275
FALSE POSITIVE,43.329035708383906,3.9831584134675704,2847.5791608014297,14.770636186780495,1815.146322534407,58.93191397357795,3495.5041799182786,4.960894044277435,1.8289365556268835,1.2052506305964994,0.13680979265010962,8.313015319364315
CANDIDATE,358.5184463459074,5.586302686705933,7646.226112971708,12.325685047935714,692.4215733340764,69.17533938322543,6876.99600690853,4.517107708462354,0.632964718688213,1.5425447685111542,0.8955691082225239,14.92287730433724
CONFIRMED,156.31455232464774,3.250434594354085,7874.197169744686,17.063867567195487,423.8426991815952,6.155440912072465,4352.604945803307,4.253033122161223,0.5567243440091596,0.5877000357576467,0.6066414896009107,86.62419530893575
FALSE POSITIVE,419.20541741095195,9.835464358070524,4538.991502043574,16.559244425570988,1499.3530851216271,34.278330036610775,5088.235365751577,3.875744062756398,0.5492231112961539,1.754200762099228,0.3891166675196355,93.9658749461925
CANDIDATE,58.6630835150607,7.042814206010674,9156.051839073989,14.579714366524742,1156.1864063896928,19.680023219504363,6714.675662797532,3.779404248347667,2.3623824024207147,1.0584832811248472,0.4450821426569601,94.98032569340755
CONFIRMED,135.98965593795725,5.223114762314769,7645.260725994985,14.720941709633433,577.1183643955978,62.63375461639904,4971.3210920210195,3.7819462163429187,1.1015233550882566,1.0690416196135952,0.4875391246192391,45.681011307696934
FALSE POSITIVE,99.45795755831995,5.821545338771395,5893.0474578076455,9.803783945534775,402.0238565506344,85.06154316143912,3226.278339670273,4.555309719463276,1.3416932761590834,0.9954677110459013,0.790316955436596,91.73635983579301
CANDIDATE,430.1650971036134,7.808020782861655,8049.080439849982,16.324594613503862,371.11642400182916,53.52434151552145,5378.468967217769,4.534507686213602,1.0598123170146587,1.5664444022343156,0.418240426722453,75.85692064053192
CONFIRMED,153.6628089984008,1.9303285205284804,5994.900563016835,13.74095332574306,1828.204461061746,20.933489651155366,6613.906944187298,3.976590299807582,1.1078863061546607,0.8897909408643476,0.12334386566636812,79.90465535770214
FALSE POSITIVE,187.03267421874244,4.281391740655609,9656.268724588801,13.011195406105646,256.64412580895964,68.04839991608199,6764.959604193848,4.455183113017714,1.4593523311528092,0.89188548790927,0.5364840318840212,35.34429770477129
CANDIDATE,140.87562963753115,9.105194162661864,349.0408661051398,15.749189789292538,1237.1316768699155,7.635370814954227,4688.1803633248155,4.147129979266997,0.799072449927164,0.6254966668222713,0.2559937202858731,93.85198594404085
CONFIRMED,113.28002699794918,2.958137163259277,1660.0736584837084,3.165099341566699,1933.1327119183652,86.60998801187252,6160.591837228174,4.033368288724763,1.6164148684217152,0.7077512232496853,0.6212595415251148,36.60644752447638
FALSE POSITIVE,266.43132506999865,9.701498735381303,1856.252808222137,2.9454247609144955,1817.8541571516664,11.002097370763428,6907.13312532293,4.685937962150355,2.2886348591494188,1.8814801180730674,0.5016148175674666,40.385693697962324
CANDIDATE,397.14695473674925,8.089554320977532,6292.984786094906,4.723628212262236,911.572553601357,28.837229310786682,6079.536325352188,4.628313030219518,1.0782238732757636,1.2467747408373757,0.4593261176813259,20.595199372921613
CONFIRMED,139.27953699239504,9.84706523000122,2129.05041059873,18.2213832617781,297.03357922438767,25.378085045358894,6484.008516415317,4.195662420745216,1.593113323592707,0.7799180404228443,0.06018992010146418,58.68344173032809
FALSE POSITIVE,241.6719360093382,9.480903624578282,1676.3108992877796,4.04994653888621,1210.843388457029,73.46626126269072,3773.519270769059,3.929808632916293,2.12574177686552,1.7166751973856633,0.5038640670662484,57.20603461803966
CANDIDATE,283.0379120960366,1.6495436201688984,5694.603973768758,15.481174148282262,1034.4143030914777,35.94913426306908,4545.772962681429,3.7793176824232755,1.009149595035098,0.5472601264880261,0.5496492090264544,97.67107752461884
CONFIRMED,367.62055325914235,9.763192307988001,9765.227232038516,12.07674747729426,539.0814923555529,32.77811984982587,4421.446390199974,4.261420895884502,2.3687476836111605,1.7682606263799716,0.23128558843757296,28.495398196961656
FALSE POSITIVE,100.34447454796641,4.61872014507099,5547.7057610697775,5.0906505459778115,1745.5712216207746,2.893397797831902,4741.729029175696,3.7805440737895744,1.7211838923895466,1.6159072929653502,0.779087948442591,62.904257685192
CANDIDATE,165.94442010548093,3.501845791994608,5912.342500218507,14.487331388933244,385.57031365923666,48.602720601803206,5839.674876328405,4.37077704536329,1.9823170044015277,0.8479546954110062,0.17798364642182452,58.45535704587348
CONFIRMED,483.80433772679856,5.570523016262012,8312.859189930517,3.7601038517988092,1529.5131619484064,32.181632485788704,5921.956039203874,3.783558086703745,1.597225532179661,0.9106331259661431,0.5300507106515694,75.40442374986692
FALSE POSITIVE,303.6397637309754,4.761874341602118,8541.132253707308,5.955539517417316,709.3766050423135,33.53543795176795,6859.191855803484,4.639445433320952,1.6957326442749923,1.1809853122334877,0.5422841886551235,33.69265205956832
CANDIDATE,263.5592201655933,2.0426122087868874,8281.971710138929,18.859271932376895,1761.0505372570824,44.57236711744326,3838.9579154709522,3.764396487188591,2.357336513330478,1.5608717255208493,0.7261237194183674,60.97329671592502
CONFIRMED,392.48262142477995,5.812269297417154,8213.667722710972,3.865289782283509,1513.4248609302506,34.411113731784134,3413.965194701601,4.834828472567494,0.5345896841628701,0.8172445246016304,0.8187031219834052,14.886522866232973
FALSE POSITIVE,157.95440055069315,1.7041996747868806,6426.16223424289,14.92269301430499,1426.702910465127,16.4086201466382,4568.751944062647,4.108950674224641,1.5915824815502313,1.8568048092805416,0.8721828959801667,55.876435807969024
CANDIDATE,379.4085635519462,9.332403409338431,8836.852651246974,1.0028980720344254,993.2601478559072,23.879171948392543,5066.818851188822,4.534942330693908,0.7992946776254055,1.8259097471717425,0.3003444799541015,77.14421730514485
CONFIRMED,438.53969358221366,3.4398419110305016,3057.9848149623685,3.212618228704039,918.0133138685745,96.25950278737855,5400.34793364136,4.526532047662101,2.2297886555299757,0.5294835029831231,0.8194082871907662,31.18127187343406
FALSE POSITIVE,139.59920833568376,3.318612005152488,9359.448780013845,3.9842068662655246,1328.9819635717724,40.66276604325285,6229.154855397494,4.810730281643781,0.9068695260978541,1.3602616384004032,0.032057668457802,85.40461169645035
CANDIDATE,431.2096443665957,8.57714517132166,779.5625474062086,9.02507752853972,1684.0455704023045,17.4584239828965,5786.869398565313,4.510952424464851,2.2593328858869164,1.5375886178413265,0.2335204432124557,78.40580743551705
CONFIRMED,194.70926550942852,2.954984015986337,6900.43035732333,7.874082859619312,909.0372726872265,62.90893335832775,5851.171412210662,3.659257496789525,0.9057993602675238,1.8571768589445963,0.705753651765906,62.74256775092263
FALSE POSITIVE,325.6094995396005,5.163179690911031,5810.109820354818,8.715587687416788,955.7090592489697,99.95560637226514,5019.801464228706,4.825640103089948,2.0720998755545175,1.640902765066061,0.6109407820311304,83.20073960475897
CANDIDATE,160.64575921517675,3.326977210644494,8503.37153526842,18.345069065322775,1302.267370957803,46.0391158003792,6901.72032405812,3.797086939821131,1.2688548519118026,0.7212440413632962,0.2734827190878565,54.58217297125229
CONFIRMED,222.01328671823032,1.1949263879284422,8907.550825034443,17.5588042576176,1092.782130980759,6.551034066519832,6382.537818507337,4.418564561509497,1.9107598882000865,1.9047012677124537,0.024332908620636973,86.42128924177923
FALSE POSITIVE,438.6707747784108,1.67274002822024,1666.2586609484474,5.613788499826109,239.0208927153189,57.745816725636345,6998.881603495021,4.8176779622793555,1.45468301076293,1.0009702029250431,0.13316700485639055,47.90901816937449
CANDIDATE,217.11659567595294,5.9876230698416375,1295.14659121325,3.392382280114322,1820.2190299249737,59.20909480177942,3453.69232542009,4.610110518237858,1.8950436895652802,0.9472623239890929,0.26364780388174613,88.79809199544218
CONFIRMED,364.987205047522,7.657040655286595,3219.308504394127,3.4156886665260444,1301.741144846691,88.37724350100353,4677.253485286488,3.7244668694042002,2.329886443911737,1.1567650509776097,0.8694798927703826,6.479388469263884
FALSE POSITIVE,368.4656701374866,4.158975734209507,9008.789266923131,19.70708442675226,470.83805964316315,85.04071496189009,4369.94645116535,4.685647297161818,2.3385960956341902,0.5373283595242095,0.3559925716277923,36.36723356014808
CANDIDATE,464.87546878137863,5.801294152764395,1106.7122261907093,10.572150064871833,1674.2333076286013,74.60344488058641,4805.612104608197,3.8653643713878107,0.6054307419522815,1.6434760006979254,0.5703396201079255,48.91600168534783
CONFIRMED,19.97636237668658,5.423532848310673,562.2553931769532,16.241143694783744,934.1276191935583,34.69687112249818,3063.7533664504667,4.108922257250789,2.2454692640546994,0.6529467906287849,0.4433511924579474,53.03294943916642
FALSE POSITIVE,233.33121086775128,5.971760558098114,4472.676362997265,19.72689865747504,1737.9966573004544,32.26199838166143,3280.7876509513,4.83769039985841,2.012799540616299,0.5939304922705473,0.5659239878830231,56.46874085641646
CANDIDATE,261.31712868716994,4.47065508389807,4229.148517339277,12.518486568880151,623.5238729473767,43.49152444565811,4799.767434036759,4.343139616025563,0.7153291326630435,0.8636475008727089,0.9293971412436787,35.84548543937093
CONFIRMED,51.067245444604104,5.739681708733584,3327.1191698309367,11.586322280791801,1633.5022167053774,21.57809289158492,5663.035120089178,4.700726503836849,0.8150136804346801,1.8384264150870906,0.9252472682365074,81.9141049229004
FALSE POSITIVE,295.35826728677785,8.261935840955477,5735.872013449574,7.3518610728346525,1176.811118651505,55.366414137826,6083.025726220041,3.636523061867978,1.135798457398555,1.385393887623487,0.6076553714524517,34.642119989382344
CANDIDATE,121.48912618622154,4.586213345626042,5181.65963404438,16.699511040648947,463.64228974902335,32.89398330987197,5129.638657797059,4.282444285807799,2.3258326479150506,1.7246013510007805,0.14977255300129255,54.09973399688307
CONFIRMED,487.0857839168668,8.009237284245572,5358.933245225256,8.51149290876527,878.949505423388,82.21547044647296,6287.4702367368845,4.155853298980901,2.4198336072421585,0.7825314787672006,0.5645078737325485,48.38526235779001
FALSE POSITIVE,311.2482840091266,4.1328689137953205,4346.677240469315,10.319766341259157,687.555397473167,13.534507937040617,3378.5833916263427,4.231696366155176,0.8880858549820705,1.7553818036902036,0.15209107950631506,23.68457941315242
CANDIDATE,426.1384347900137,4.632859679020848,8207.901234289327,4.21295885156152,1967.5706442389092,95.39785258019003,6206.283501055141,4.046473253330158,1.853336233055916,1.1557966009492304,0.060094150904171584,87.3989670848733
CONFIRMED,333.99480578334027,7.393023018192465,1516.4962571173403,10.381225091156432,538.210511929024,71.31035794613187,5866.395739143023,4.9953110117195365,0.7321169114173189,1.849436106661356,0.8717137408795571,69.14605135856759
FALSE POSITIVE,18.40541906656456,1.7551694399727127,6436.703190924805,10.812139766995847,415.7713831248801,7.2515470512671065,5266.905855835502,4.804032560939032,1.3567586689985118,1.9128958390104218,0.937321184631392,93.28500110921901
CANDIDATE,261.41907870628154,8.23350692180453,890.2591512439925,8.568079906907391,935.9142670614839,31.37394851130604,5598.3698542350985,4.314157015977313,2.272542379216139,1.4429052435820862,0.6646953133304695,11.132251508253326
CONFIRMED,15.305457124883134,6.6547147073296,7708.351077212377,3.0953259689371655,1746.931575918592,35.42905390122372,3602.9899082128813,4.950983019981723,1.7208139663859177,1.5802083079987683,0.20680711466645885,76.25305902827174
FALSE POSITIVE,429.9455115165772,5.587811551598705,163.50404136043645,17.771104741582757,909.7876003011661,41.5897921387638,3980.767889483555,4.432538354280333,2.436342917763076,0.8673283395969584,0.9538382890743715,14.805514107995641
CANDIDATE,16.954157281815863,5.251349812134022,5253.176128141797,2.2956849472741716,473.12285386918427,68.59789860588575,4937.816784297483,4.240241865409268,2.2581264122745233,1.3075603026152414,0.8258021826090448,82.53189324335443
CONFIRMED,154.1144874988305,1.2139030105749717,4676.44130417409,19.210454253190772,1380.7884966718593,80.10744341599046,5753.222261369536,3.56805508623506,2.428336838722737,1.501581826865757,0.19703430560723711,94.3070502456899
FALSE POSITIVE,99.55510730081656,4.869816040894624,9749.162927179113,11.64414979131903,919.2357735831472,55.40774428897008,3241.1372900423935,4.874123560938788,2.2261296791662746,1.223669285336081,0.91499993103078,94.24093680270408
CANDIDATE,1.8825570346340115,1.8223878489691856,3611.2744899068034,10.566689251804126,218.80048681147758,5.619519162748909,4465.349203928984,4.881106734056815,2.4404395294247276,0.784102349499626,0.9245238866045512,13.274149077340358
CONFIRMED,38.11311946285308,7.9318959415371255,7912.30047925986,4.89847544808681,1983.4685303958297,94.24443910216887,4021.096657483968,4.135959798532032,1.7745568566814816,1.9553133043657112,0.6664658304472111,80.0931590606727
FALSE POSITIVE,324.6323910489514,4.940702227582831,3520.9903286052736,3.5468289493784253,1205.2137596365299,40.89601855555504,5555.816168873294,4.027486046447482,0.6142621198214133,1.29537849044552,0.33875197192036954,95.02889371403563
CANDIDATE,122.96140796837487,4.665889592357962,4636.750012391172,0.5202678990850484,1841.734394501861,86.8767722737783,3686.1105649987185,3.723638680495359,1.8059027697929266,0.7275067314696158,0.7474525871932779,24.20498651831772
CONFIRMED,292.7445824586821,7.3229483356663385,1306.7332112574713,13.856522927844894,1371.9442803350512,27.147537209718834,5190.919505170344,4.715096233339705,1.7190846713675965,1.0732753002801196,0.6173164208264678,77.47106881429205
FALSE POSITIVE,243.66595565619374,6.524886328773617,8671.473725468959,13.037279518489083,847.5616345628949,25.517410422866433,3304.7312408437983,4.451706712524217,2.281107515085101,0.9750740055827906,0.44574109718365407,7.197966662297004
CANDIDATE,408.1707470809493,3.1802249463179897,5326.440608563234,17.30722635242567,1035.8408267920277,2.971860681904861,5498.832225075481,3.6409849682958586,0.8722281006232722,1.5793783712214888,0.36396093639962857,68.05159305383307
CONFIRMED,298.8385195612319,2.4073525904078035,2880.617805361416,2.4932470368818516,310.1465425812555,1.9363566613632912,4894.606915093542,3.8950311565540514,0.9978368345667541,1.109792009732798,0.21288671191576491,32.692267402517146
FALSE POSITIVE,134.34167611528906,1.177702000224643,9724.941855848394,8.641390979415034,670.7129286967901,70.99577761316372,3176.643699624832,3.741567451508254,1.2084583922384367,1.5544416967285186,0.27863382471828724,69.20028220767334
CANDIDATE,66.61627589842948,8.783311905465204,8918.02927011067,15.162055534329127,416.37485026336117,3.923251916631815,3597.2047427722946,4.241571746425648,0.599004234077197,1.5975311170766167,0.26310122389853263,56.894288612449905
CONFIRMED,447.7442667284707,1.8359976749665554,7553.207082310965,9.704985207065592,1496.5476068488042,23.050262198577066,4646.971077405317,3.8193108159000477,1.1805807780231796,1.016249726314395,0.41020262336310875,36.36624362764536
FALSE POSITIVE,325.7909986810595,3.9561949415895525,1184.5392859791784,18.06072573597067,673.4785045992597,15.480507651345404,6482.764304378727,4.9964139856567105,1.9168560402082047,0.8888279693366201,0.6651901265844506,13.932987171243305
CANDIDATE,481.89585170149815,6.177499455587437,5586.922489690678,7.313658378371261,1902.1129583241052,75.72972647911541,6477.185855463689,4.408487797255435,2.328876120053582,1.2906789525346978,0.9946210914632314,12.541110891316814
CONFIRMED,329.39626108344584,7.153330759634798,5489.50149866065,7.853593582221769,453.5630407612357,74.67019992948704,4043.125977823789,4.0283403328179626,2.1629902814103557,1.9187477637110908,0.2051351114896387,92.56957897056147
FALSE POSITIVE,225.92780729790394,2.743816301673963,447.0873682394373,12.545588779352547,1618.0333946604478,71.44758855056725,4787.939266783855,4.9798774640785854,0.9472206012966058,0.9614254351389633,0.30344055093722755,33.17639252294703
CANDIDATE,425.9394270468881,9.07895750476016,3376.540817631501,17.614865006921857,1265.0898221518755,40.666841689447885,6092.362418671773,3.5181874680908196,1.3472033775932732,0.5017731868120601,0.18738323985187455,49.23033398412907
CONFIRMED,3.8626637147207945,4.495650711633117,6974.37198250705,0.7304693781816014,1164.6870774464694,74.87045676765916,3347.493972654412,4.522526978822817,0.9313365529183939,1.2958528602543806,0.22826003451741073,51.81320822188531
FALSE POSITIVE,425.4290734501195,4.08296707047519,1035.56602779289,19.674098254169742,370.97183825626894,40.90558995812041,5169.195497687995,4.193359989893814,1.88963539404023,1.1531917983324582,0.1141683400572936,66.82792884671949
CANDIDATE,246.26627998094807,8.118251749457674,6462.261560242442,7.580240467841253,1889.804057299055,90.18109310441142,4042.508691252878,4.430225493494683,1.7989671234829254,1.2677869604248868,0.7566340422748415,52.79861504150836
CONFIRMED,105.68748086495376,2.0911557021669798,5440.172925476563,18.33123135067294,591.3829958149082,62.586006782245164,6695.474126484539,3.782024243118547,1.2434757793115923,1.9524717607128206,0.30112209650678046,82.20622582407
FALSE POSITIVE,145.76751723537078,7.325950242763083,1926.8746923662254,13.250149570622877,1975.8559877300077,63.25061552909259,3507.8895268354204,4.511317372057373,1.6416885092506015,1.4323471933662706,0.2723481157546024,39.087836106738976
CANDIDATE,436.0442571073838,9.74565647345488,6970.669126932161,3.3597112379460423,1716.2184557606872,65.99171314563424,4037.3379200898316,4.098853252233319,1.5715010630640136,1.367326311609601,0.9337926723704951,7.779645607206442
CONFIRMED,349.0260758021845,6.589053346396763,9757.548324067817,18.04351797151521,1627.9428196449758,81.04326358209904,5564.635718078647,4.373931332352274,1.6210678182500127,1.3714206267347278,0.47147571845019876,16.908568237218162
FALSE POSITIVE,194.30703176698546,1.5139308750146443,9509.360317492099,9.230442000521409,1594.7398717884985,61.15785822137303,4308.730195959688,4.182448162656643,1.417408076142808,1.5305686243317935,0.5386552302258245,47.18367946518362
CANDIDATE,110.2452715564394,8.51352662747198,3673.8513944329266,4.167646461473417,1582.946024421415,89.11056323633655,6586.190839851915,4.575750481261798,1.484875121948887,1.9186948652336155,0.608222562701517,33.907856350524824
CONFIRMED,253.5856547626977,1.1687878096388093,4667.944298881286,12.339097436831882,1430.4381851470812,82.07910566324715,6640.215160330183,4.021125604633703,1.1810039822000027,1.9405747311742834,0.6289258809109299,75.78809639824185
FALSE POSITIVE,104.07433719344733,7.400845447520248,6826.423250427751,13.941188301520729,1577.8301755552106,57.68546059562373,4858.447761595238,4.730853706742977,0.902539795614671,0.7326724311617385,0.27475348874461925,25.26386007415324
CANDIDATE,384.3131930578873,3.198424269182727,8159.13083804921,17.945523195920277,1933.1010814831614,51.03764250381971,6253.8513673412135,3.581384765852327,1.056605751534568,1.9570563449801914,0.39331913538280705,56.19824390824956
CONFIRMED,157.35476424488832,4.9646892037421155,2691.4031808606787,10.235489558070725,1808.8568324827704,72.95610024478755,4268.89595312557,4.583055784023061,1.3626740304641827,0.9639884658590443,0.7124220081749317,73.51488760987932
FALSE POSITIVE,4.142517017198369,6.2618113547258485,7390.586650930773,4.414252086058042,540.0386960229336,40.15308213898212,6612.089820915817,3.813896187601369,0.5660442566200483,1.8306918439773967,0.8526434836608326,52.7879779697074
CANDIDATE,289.13726815029077,9.787641578890543,7989.604982201286,18.572934572492073,535.0299147016706,3.433883696398005,4513.414164079891,3.5833063043190525,1.373102727779589,0.7202845776777194,0.18561589971526316,88.94306978256854
CONFIRMED,378.62533120242097,4.872199661295124,6393.824222879468,17.927928492945142,1649.7058568831455,97.6774687292091,4384.773141555342,4.521382593145249,1.4628700241541348,1.731468912388233,0.9622557238021989,19.041898576322033
FALSE POSITIVE,365.7676559684077,5.63969252989577,1395.518346036294,14.864505331074495,752.0256318098907,27.256213305286895,3234.0405062455707,4.812008951689645,1.9548706095545767,1.913264272829017,0.9946566245423705,88.53720841039485
CANDIDATE,86.94894393454932,3.9813206146050915,7087.76191789445,6.663365788765777,609.4917825978525,67.90228047300637,3624.545638572533,4.449700047911227,1.415516406945132,1.7644582026782798,0.6219797374942494,64.76622862108061
CONFIRMED,67.57129367971552,3.2951560130632473,7353.48167857663,13.186638432973094,246.64600395189964,50.61286577010667,6035.478197859352,4.349611162281315,0.6688092295932955,1.6324140536888272,0.005213574083670958,63.34693706404272
FALSE POSITIVE,57.66979136471486,7.369979952070052,4250.121106729406,10.771343583284176,973.5069941151177,92.1967754089857,6462.956779655213,4.382790843777173,1.0838532395411307,0.6581967443571962,0.8829464805349688,95.9422934023886
CANDIDATE,283.5811341123509,8.057067303874701,1141.8888945606013,14.131403309060259,1031.9713679430315,69.05008624236368,4115.822466449201,3.6014603824059837,0.6286857649616375,1.4861628787571153,0.07114471238479825,73.22995414774584
CONFIRMED,453.10743090327884,7.655737925003041,3406.406828686723,0.9682693899449437,1812.317220413085,40.05620767943184,4232.720523356048,4.4087874767369275,0.9668758529278056,1.8466936929383897,0.8852053420748879,31.19536033352701
FALSE POSITIVE,334.4751986958043,4.162323706988307,1749.7023251486537,0.8305674501504978,594.7820651721732,98.71221476004415,3385.5924839838553,4.16411377512476,1.1513633353781458,0.8146075924748659,0.3833335204006767,33.6706074390489
CANDIDATE,311.6248305971148,4.915416210565962,6517.916949458742,7.933969539305627,1961.9126303730416,79.52984911892833,4053.2059597987873,4.979102340198858,2.0774082931317994,1.188727445240617,0.47203097599646093,40.63084025947802
CONFIRMED,179.41918339428872,2.6016621255509516,5424.7012398919705,9.989191926307676,243.61761641512572,98.17350265116937,3421.0401137882013,3.8519727077122092,0.9592275609067415,1.0746605864125325,0.5925301669411519,57.17099387836609
FALSE POSITIVE,346.6621821507036,4.02412236760428,9860.745136676866,2.7576856162062127,1309.278033419265,60.05924841643366,4732.0294961860645,3.7053963983237685,0.8276170650834009,1.7895589594598804,0.7854416446590738,70.72395569306512
CANDIDATE,479.8339031891657,3.839119491881567,1094.3630526794527,14.192318598668335,1746.298565916057,72.8085109026174,5840.850780996174,4.799432228122415,1.2869431962985023,1.0171679377345533,0.14775232685848194,14.088005995355156
CONFIRMED,331.34582694175253,4.764716787409581,7888.500323936913,15.419939661987426,1567.549155195489,10.92651716733265,5267.702803881841,4.2860766641139225,1.1122048715297386,1.135258317783629,0.6614573364993249,90.39482084561352
FALSE POSITIVE,31.953462031037166,7.133449551309594,1559.8992555786947,9.384904437556246,1748.4058711645673,97.42085436973446,5004.315178090819,4.9083619226508475,2.0043775578822896,1.2554657513651235,0.49844481370216476,74.2963059718718
CANDIDATE,433.52424151394,4.81644739200953,2080.878809893933,16.737450651765837,618.8827965024516,82.12588765172433,4932.414770558496,4.225660099314634,1.567305334464615,1.5070896132542633,0.3353316190327381,53.108853841647985
CONFIRMED,322.91845879075225,4.226640851246032,5893.057138504409,12.047250591438345,1351.0653400584554,51.2315332013737,6305.248689539898,4.226275438095838,1.1313055860316164,1.3374495461959255,0.031234114606038976,7.195594833893367
FALSE POSITIVE,467.4787610315284,8.120382574256936,6258.467344730319,15.237640039704502,1534.706190135774,23.334817682619075,5516.7348966587815,4.611435339798911,1.815375984975719,0.8214545832776605,0.13780936160296586,56.91899197333283
CANDIDATE,218.2311990003218,2.8685293216787526,1061.5648440464906,3.4244431331773795,1595.4290958864249,74.70815339911596,4127.3298473991545,4.9998094180796855,1.9043670912154913,0.6191333172778124,0.023010087127784074,68.53290319754132
CONFIRMED,140.22491808370958,6.197233881600467,5696.411454503068,0.6582864191676869,1843.2354424643756,82.48376231393911,3466.2586467578258,4.917851696371174,1.9172136791074006,0.6962925857640269,0.7944402823384612,38.55020013220589
FALSE POSITIVE,440.4182695771956,3.0552611755171206,4405.900020441376,8.643860735588115,1535.4970161782,40.345760489069114,3401.861042351475,3.83318045164205,1.7850034989293602,1.6249953202675045,0.4687612959182582,66.54719493435164
CANDIDATE,243.44578134273544,9.833736630165143,6176.657920390792,12.783212828635428,939.3344147093928,32.90780819597404,3858.2816519375738,4.331342372591279,2.14845892236084,1.0787716780766412,0.2071033912453304,83.70772320290607
CONFIRMED,208.11823066040506,7.12867031503258,9685.997411822715,4.736730664058234,1338.4022593774046,6.144968619919404,5973.924394691911,4.359727724141193,0.5168899892813537,1.9612076473804259,0.7482940990310819,82.46034846512063
FALSE POSITIVE,267.1669093348698,3.726932296145381,8632.381850568856,11.703421461396397,1144.1709655384047,95.84178363852797,4340.004247021075,4.641775447233078,1.7423009790181718,0.9802550004916823,0.3743697354462706,98.65638917746179
CANDIDATE,296.9950375722086,8.575653952511537,6499.364091422392,15.314855315441946,622.650210367512,74.70067547698365,3053.498404766832,4.879590997536836,0.6087300177504984,1.7169174053496281,0.26150975109862296,54.08048054755911
CONFIRMED,117.40478424251144,6.0466804196648045,510.17790944759065,8.412250373547305,1086.6611862733148,99.78613693250453,6880.6644575692935,4.408045328718287,0.9561522167609684,0.5985050102371108,0.9241732142537011,52.250203717430274
FALSE POSITIVE,278.6765875451357,5.387148049377218,4405.533456789881,11.844629269093906,1027.3021030549007,74.01288449726681,3359.237269922674,4.874659338720043,0.6525789769944266,0.8570081160654421,0.7599484693962032,5.748042658754628
CANDIDATE,464.3853441991414,6.175336395312025,4871.964797613775,13.388275189104212,614.7233921846906,96.51092073281123,4582.3545588521865,4.649886132968876,1.1823678182244783,0.8150500927303801,0.9701064292545065,63.95327141612208
CONFIRMED,321.46203029195414,9.400265239682469,8735.965981464718,16.26872032520086,212.43682539818874,14.66490766082757,4870.646743794627,3.6256285289674466,1.2758159304357388,1.900110045724661,0.8615646105687167,46.29425589977204
FALSE POSITIVE,328.15067039843774,8.009709048940742,9670.538353814554,14.514213253795116,383.75185852373704,85.96770889327357,5875.773667609407,4.367809406540706,1.3370301654446042,0.6238488851129376,0.51928135800977,53.35657333452792
CANDIDATE,23.722625187284905,9.741614886513107,2059.5877940456694,6.253730750959743,818.3234074381386,93.28689372193354,3447.33968376754,4.771116254844185,1.0046227411469064,1.8560425699922012,0.055610318868233866,36.76519310301468
CONFIRMED,305.0412171419507,5.804976913531339,6668.639074011129,6.763714729629346,693.7558353826399,38.88390392785397,3781.672916423013,3.9911070524237005,1.2213424127908927,1.2967947762238796,0.6348332224588649,63.60065879444458
FALSE POSITIVE,230.66657943232568,6.9593833776979075,1354.4014890143874,9.22524115512727,1561.7567390028883,74.42418094509542,3207.638305992726,4.450700652917639,1.6463262790022208,1.9785131493167323,0.283784690560422,38.77104154271264
CANDIDATE,240.77472573187103,7.024088774311329,3549.5946615308026,4.835320273570826,1372.4124003032725,43.25248766260494,6282.187558181893,4.366887369588507,1.186431704504655,1.2893470031695162,0.6300342438946634,53.57479771715508
CONFIRMED,293.1779640942927,5.659184483012948,6459.346185225708,16.53927532742523,664.2975719387764,0.3730340129445392,5980.643998858744,4.349147674039049,1.0905862063668852,1.7916022179233306,0.40349860394089143,53.8141755614475
FALSE POSITIVE,125.91523094835564,8.153674601186683,756.0329529135576,3.6579785174952555,1235.3786721548397,24.084937241275473,6198.212187698488,4.34808504848528,1.0613842213730798,0.9786806716895065,0.3797189331204782,19.397628200653546
CANDIDATE,281.3816463659869,5.282305203467676,8555.791516103447,9.416546603971362,1817.8642834782406,51.27677180793782,6574.766828198035,4.4919865987111915,2.3547216381916747,0.6043871957330538,0.6911584078466103,30.362786345084874
CONFIRMED,232.43033512829535,1.1923112490251202,9121.669711917786,1.3981562555171865,1125.268226428957,54.60127656598587,3172.1010361301846,4.601336999397935,1.0666872553761564,0.8893270167194307,0.3141075894466524,92.86270886608092
FALSE POSITIVE,182.2620607822407,6.9556761390150825,8623.132008084915,15.679679866472528,1914.0653047288974,12.047247259000278,4833.586273543229,3.5718025459979215,1.3337049717199652,1.7939766310156386,0.06455549502419733,18.049995524574932
CANDIDATE,409.17562489048447,9.252465209329987,3735.864755958004,1.2566554790047375,392.6986446622326,18.857051499175128,4563.036321349991,4.7366569940608,1.5105943496705214,1.0982392033427306,0.021716476936380347,42.30667318941323
CONFIRMED,300.9112653378461,5.396267628724825,2760.319140801861,9.63512228136863,429.67544040746196,31.151370641325343,4260.885895787903,4.110349245779565,0.6691426083438301,1.1211439456342833,0.17591931988579868,97.72457228514509
FALSE POSITIVE,423.98504300083454,3.63991942189298,6809.79593312722,16.421961486300756,441.7961474150379,45.67170535225843,5693.365251387022,4.350853936337659,1.7592189802171878,1.338092561427226,0.26778285646645317,30.80406351939762
CANDIDATE,90.4871378222486,1.9453842787349136,3978.137250999147,12.851852840996033,1100.4397705379101,59.39489508203528,6391.707989548375,3.7770335071092966,1.3212264491658474,0.7172004047759195,0.5152016032591056,60.59793368144603
CONFIRMED,120.79068136135851,4.325833884999486,6896.327361825239,14.767339759302056,541.7457789802502,17.932821080231424,4074.538026380254,4.824837787780422,1.27296974686036,0.6035011994142002,0.12268695063954371,16.10174000470288
FALSE POSITIVE,351.0372327140497,8.219844727163709,3832.2694531586553,11.426137308547027,1567.598476531912,48.0646460782577,3536.7373284390337,3.9194946147095715,1.9217084750623519,1.8532937377716778,0.14901217514748888,33.22836164306604
CANDIDATE,76.4512389720757,8.966098080708093,5606.372586581828,11.22908176757198,1448.4278719399126,66.18899669035157,5851.191444727658,4.6254699003547906,0.6573986611073752,1.669082071263651,0.9819980300566765,83.14098836027202
CONFIRMED,350.4100379610535,4.591968621651073,7477.030063277026,18.058477601757247,962.0748841804569,71.25527998304143,4089.838718853398,4.375107782692315,0.6625114730050701,0.7217756089649189,0.7919933429061979,21.18046136311221
FALSE POSITIVE,159.3133921454033,3.7038810846353716,5723.525760159971,5.821579283680172,1806.511903784924,64.4215430211723,4627.516963977415,4.854224218507774,0.895408563835441,1.8155485052159672,0.21542788994947681,63.0744777603247
CANDIDATE,478.3798276687052,9.578645434705845,8167.916844227395,13.17549355109052,1054.8332478019984,28.91972872827883,3261.431414631199,4.7720244977966155,2.4780397170423885,1.5049930869933945,0.16731427725386538,21.693195464164514
CONFIRMED,115.38448327352286,4.330416191588165,6466.751352192723,12.610045986965748,1847.0717842874856,7.13125699992561,6116.597614001519,3.842138292069163,0.7880771320229651,0.6628257388558372,0.33622988791925024,33.62076816565832
FALSE POSITIVE,13.738274756526259,5.234081891565363,4503.109064601463,15.873748027975331,1772.9637899409984,10.00276822602069,5212.553990895541,4.3563243717023905,1.036842684689589,1.3880982064579688,0.07200979368176519,55.883678691150465
CANDIDATE,299.1130702590433,9.453790917777514,1478.1343927910264,10.008238889594894,1644.0194570975352,35.94391266310532,5278.346777003771,4.8709428169711,1.7811000059095743,1.89559112975485,0.8656883122137299,12.01481583448426
CONFIRMED,11.792923135159324,8.428368061489339,9136.159445083873,13.831101939723126,883.5495575642083,18.60877721543343,5272.053044356138,4.31369307800649,1.700634194739263,0.8913833129054138,0.6307042439214374,36.475543899772795
FALSE POSITIVE,480.74432828383857,9.639647663979662,898.7260715916957,4.751787837057563,1824.904169782651,5.4289136402681955,3786.215979342808,4.014007581747529,1.9114838860959176,0.8699753971709938,0.25882384227788247,35.270635722928496
CANDIDATE,402.70428836216416,5.645680072075264,389.9706477851558,17.75026439371522,1726.593957867219,2.8977585854901275,5352.694739011415,4.571527242875574,1.44086631685299,1.191629283859831,0.13829806261505329,8.317108630202315
CONFIRMED,32.17438935577277,9.844301639729235,9795.185606022127,19.94311293653614,716.1224669764231,13.423443596029538,5761.468317955443,3.765864590775448,2.2600295795708143,1.0225776757916203,0.22683278084609382,26.328960506389745
FALSE POSITIVE,424.9136525460707,8.855417733832113,2232.912923534639,5.705572307564468,306.2409146734631,79.55260632495796,5006.508492602863,4.395955289216222,2.411052588096923,1.22811379059602,0.0370276272417599,37.862354428803265
CANDIDATE,18.745529186186918,6.30083840019484,9316.242433769963,10.890749554186657,340.8103908877696,3.5223380728468543,5728.986370588863,4.5236235864094665,0.8579655598565279,1.2198457964509866,0.09856906976117952,87.75885123263446
CONFIRMED,376.35332045302226,5.481588326415732,4034.3578954389495,7.475440440783675,1623.9056099011864,25.83391372027151,5686.994805183932,4.587986540992851,0.5776028703248732,0.7349368520986879,0.5162338822720794,48.178290070494285
FALSE POSITIVE,498.9491611312076,4.0197037617182465,3383.2778272668943,10.607732087389373,1207.18047888813,22.46375001730781,6505.024412502178,3.9005997578546507,2.105554753251388,1.1399591436998224,0.28099646422936586,96.71072126673616
CANDIDATE,102.77684197178252,9.43577283428939,9605.703341775916,6.690444537204369,1848.291636792201,18.45981558888911,5455.345608893909,3.5489523852641094,1.7046452127178553,0.9999134022177075,0.7692434936059346,71.97817530138411
CONFIRMED,383.61987626938594,2.9930162626281183,4643.640931784851,4.881342435015659,364.36331940841535,6.2187497130663845,6463.051184273407,4.323568840095743,2.402291876114954,1.5095902027427957,0.9372538694968066,73.50430962160013
FALSE POSITIVE,212.67949872279394,6.771722055790101,7753.299267981088,10.018532315902908,1254.764329304508,5.111982756477885,4414.44390296856,4.381221846948984,0.7184484048959578,1.3109781125460795,0.48838706274452826,83.41364406350786
CANDIDATE,415.1777814297975,3.1340901200712548,8979.898096583012,1.3334807575765988,601.1664388664072,21.7029109592219,3957.3951465976306,3.8068476595944793,2.1046429512645366,1.5490097646174106,0.6540382141285986,58.52790583948693
CONFIRMED,93.18532734379096,3.1696926568613515,2174.54700150692,5.381231652973106,569.6951135584218,70.4310481851165,4511.3261312474715,4.854288988618008,1.732974804672588,0.6710275886749011,0.22388830760303446,28.220626636700572
FALSE POSITIVE,328.1582159533577,9.16978461129678,8956.293147980092,16.377890637525116,1982.6515968672898,69.9364040125629,6090.1992946543305,3.652336937571155,2.3848797105765263,1.221923164888537,0.5797988178207388,44.061148324883995
CANDIDATE,46.114042233250466,7.336585199091681,3926.8776541689936,16.512909016874293,534.8516653632763,54.62412384028517,4370.694520350532,4.348179093874857,0.7184028590800942,1.3246214878081666,0.45991828139320967,96.35322030419641
CONFIRMED,302.09362367173696,4.705258487067947,3283.1682290169015,14.36528122799379,761.4805558208562,3.120631281655011,5318.517812227907,4.003953497364268,1.96068613246894,0.981932311880835,0.931040175931678,28.4314124485097
FALSE POSITIVE,362.4499370410095,7.356476012328603,5440.842505350551,11.822222758709241,1864.2196051334292,67.40689592856329,4347.588290071356,4.288476275762483,1.3535242623336143,1.1311511352238688,0.40273368772575635,41.34187643834903
CANDIDATE,13.39455527127915,3.170029668612531,3637.721296383543,5.363467360502395,1339.603015934913,91.78226653445424,6066.294580629894,4.680023762871635,2.0217928989292666,1.263405528120558,0.8325659239481374,7.282887223112683
CONFIRMED,282.779614221342,9.579193681545357,5988.523379181959,1.2828075924098363,1918.8198233215405,43.86139756033346,6761.573237898472,3.552312129199205,1.1201998282400458,0.9505074257159822,0.6389977238493793,71.96020310038938
FALSE POSITIVE,107.34534595081105,5.883268547481985,9612.628191992035,10.351746474295323,1602.587434641245,50.96892418617567,4873.2974782923875,3.8193274909708816,1.2018890524036827,0.7550424973907874,0.599723637757854,38.650378155989806
CANDIDATE,70.01363185912348,9.386900973533145,2090.8358253689985,6.821175441386061,529.3257289597691,31.357665274794115,3573.2505292943665,3.6749183696777195,1.9146942053216496,1.9946502364736582,0.06829333956027783,33.646744812030505
CONFIRMED,145.65959564574524,5.748828424670854,970.3089116770011,19.056454030825044,734.4209957527594,17.17580261782845,5008.590383204194,3.5505320715226087,1.4827309275634215,1.5018588994469249,0.7493570909679756,91.1461161639048
FALSE POSITIVE,16.312170716518093,4.2445912037493425,3056.5740199343973,14.050166762706056,1901.9058268565852,64.61401467116747,3676.1555358378264,4.86942065144051,1.7172459476667954,1.1888874410295713,0.03508815117139219,20.24730414876406
CANDIDATE,129.84751311600314,5.803884159569731,2432.573792904783,5.067352972056151,661.1592665528246,50.63879437830966,4234.582133587095,3.7245423532440745,1.632990467614034,1.0561768468405037,0.2190247201346659,46.422619540770306
CONFIRMED,207.79683467407887,5.433853449392251,1839.0735664755005,11.34144538196207,1880.8714086956495,78.33710858131268,3113.711371729052,4.852033192832653,2.074492872314732,1.8057594555570882,0.756465214151431,44.612662836135385
FALSE POSITIVE,339.37797861963,7.01628680738525,5770.459265639404,1.8549730434675733,1117.1378967957085,96.95963710337995,4003.6511610646617,4.113092420877294,2.284109359147023,1.8207778547111562,0.5020345092687456,48.507087598025244
CANDIDATE,194.47395372671429,4.8985026325445915,4595.584331798071,4.807602769664798,1707.9677291716089,61.70065693713087,4032.1069514386304,4.027119733305033,2.3628163643104187,1.7433132473191422,0.4521483619924139,55.60293139916608
CONFIRMED,291.76550465347276,4.603289745518129,5191.424100281196,17.75189784452924,865.7907321105606,38.48557183620993,5213.96818565351,4.937458485517749,1.9128933614441896,1.065068434015409,0.9247408973861233,11.518526930329656
FALSE POSITIVE,379.3142452173437,6.8907654189658105,8450.916717367725,11.592929590127671,1065.6661902320975,84.64912793048799,5014.669860891034,4.991814275783215,2.023614460669611,0.5237493498367715,0.7079832189518862,37.22051536177517
CANDIDATE,213.98558807571268,4.084887659934232,5824.004549775106,4.620670141165526,1250.9934279386762,78.88058035231856,5002.754780218913,4.541147454075123,2.010395626947857,1.3847554347135818,0.4530331227505183,84.37456819561156
CONFIRMED,91.49481781618597,2.3516821991699692,4753.467677499907,14.699844282106895,1324.32462137523,92.57872446809174,4687.054460288163,3.704178027683474,0.8321097732062017,1.0871001531914866,0.3923009244282344,98.67890892891438
FALSE POSITIVE,70.79956485535499,2.0225933832590774,4314.012711644266,17.374935431443603,1938.46813028976,53.702120280046046,6549.992870266971,4.46380022499162,1.9289673567680035,0.8594148809689717,0.19658960749511,71.06043413921087
CANDIDATE,468.5715007453,2.110936545884784,3468.8901767632756,11.706986338731655,1860.3192297207172,36.05559111325876,6160.322096765136,4.850973829479322,2.2409802232282656,1.5988000833902873,0.10174431709239096,24.80563975779149
CONFIRMED,457.4303531800424,2.0424104575477053,7471.185185895,7.905743587865403,503.55641715669583,9.503945442749579,5041.115784165462,4.919486252037705,0.9745444650589561,1.2289273909108211,0.26250762248565984,17.81040908085575
FALSE POSITIVE,371.6615133037606,4.670720131829073,2365.7538735331964,6.712537076166637,1584.7943635493923,9.117396761369667,3145.351580571623,4.797195924478352,0.8809990022902614,0.5323761500392516,0.9061532964631869,85.31999927378612
CANDIDATE,404.1208959358278,2.8038615640396056,4695.932976604489,18.75564241769268,1118.6738057098216,46.56110263874073,6807.516399229389,4.303382730672045,2.3084592848727574,1.1745648318202795,0.47585040191742944,10.242387116793608
CONFIRMED,147.8243727432569,5.3935622190425905,3505.7060268215223,3.3359276821310733,1309.6441237843198,95.43987414047926,3430.8065667339733,4.647636909145618,1.3331112168585286,0.6525166417303914,0.7470015016029847,44.763993260610796
FALSE POSITIVE,250.25964206379697,3.8685961313774957,5538.932899991484,9.971614796162074,485.79390890450185,64.90300978928975,6989.9990882386155,4.149534286355071,0.5985758286571723,1.2824144232175483,0.6011633353747162,97.18100670532097
CANDIDATE,31.594075858300926,5.735889639918491,2961.9515831044937,9.864998600900424,1055.7247884450844,5.808545977722595,6565.2227199297095,4.020328998121368,1.513740370774942,1.9251049115284389,0.7758837495796387,10.78682476020386
CONFIRMED,487.7873742862397,7.800401974332773,1297.0996698410174,11.796686321388613,274.5168483125208,37.16933730367212,3928.8413318839334,4.76740505497539,2.0676494905395213,1.2346059548309969,0.7901100675457634,15.797071945155825
FALSE POSITIVE,290.60361967418595,4.60446615192956,9514.015510075964,17.940533254628985,333.7831070570088,60.626449825800485,3526.8813245553374,3.7417134742326983,2.344318723911846,1.1688010129133886,0.7200083108807852,38.99676592581483
CANDIDATE,217.86715555607938,3.3522902076089567,1784.804612088964,19.686473013007284,1160.9386421784493,12.874892957381642,4878.561864891984,4.52175062890902,1.9151833932410476,1.7602553930987448,0.7948662850083087,85.63033289101493
CONFIRMED,411.8364839779824,5.229731582438508,1759.7892505705754,4.677142571558563,554.479990359036,88.87043826869746,5076.9970995584745,4.653074290221693,0.6275686546100938,0.7113998127907326,0.7678494704568558,37.05561771399812
FALSE POSITIVE,153.49658632183417,3.753486706092555,7616.470851871559,19.244274427733572,1003.7623678324945,27.698297779021733,5256.1662426312305,3.9759250827692645,0.8117019688707512,1.0984815426779524,0.9512454009316029,43.21739344098176
CANDIDATE,202.64939783839964,4.6716060295505,3451.332245022477,9.807315466738741,1997.2065155576495,47.68074926833266,6937.707198892575,4.396461743238082,1.142502979779714,1.6059600900445437,0.22009505178829347,40.77465744415929
CONFIRMED,492.33494621656007,6.732764159227506,4202.605994526146,19.860280122535016,1637.4832715319196,33.382417050272785,3933.9579443176845,4.765577221225047,2.089424906967059,1.4158968450201832,0.893591648014887,96.01082756010054
FALSE POSITIVE,131.67405477436535,8.814917608025702,3284.331046079094,7.6837638897022345,1726.7569780063777,31.26514973025081,4791.9809058131805,4.470393193047053,2.330580425146395,1.0997601923087312,0.31736687009573084,98.81908027922866
CANDIDATE,143.38948216562312,8.151434087686152,2908.3792436173103,18.716224446144572,281.9392314402722,69.77263287654847,6571.7504155581955,4.6728702713228305,1.3830484429497862,0.8457527031570042,0.45463306549555826,70.30620387452254
CONFIRMED,310.9474297971005,3.1697821151448995,4731.055558642978,6.905698293039459,1364.439630458476,3.3438417846935278,5860.399818937895,3.70329489462847,0.8493335487417848,0.9664372092060959,0.7540855244935822,57.25032455672199
FALSE POSITIVE,485.5547228653635,3.623470003615231,1886.8900078532174,2.500074519682547,1376.5244808991308,64.98210836434211,3865.5820810017917,4.219110770472058,2.1758145884737,1.2039832141069193,0.6512482935318051,71.99396679901876
CANDIDATE,333.8025819845763,4.5988750220816055,4507.172585529886,18.40167664180581,1532.977878396841,36.23529344444076,3271.789769703035,3.7398486448071018,0.7600295386836156,1.8124538628078928,0.5620451606758234,53.93247845074979
CONFIRMED,466.6884377452002,5.971219084098624,7423.301074918259,15.117321096922312,1434.0590779661445,56.895733281263006,6615.9260250807865,4.9330747651383495,1.9462762073636064,1.9242905704999278,0.9315229344493221,17.55376256539217
FALSE POSITIVE,424.6467748841947,6.8609643044316915,2047.4025846531215,12.994881986709037,1228.3763623173948,57.006202290008204,4409.428229669259,3.6558456982031275,1.6495233293973361,1.1045314805644757,0.4658843254751769,27.138960861017853
CANDIDATE,26.20578249448794,5.912288737856837,2910.500989956362,5.150494882193001,1500.9958965498486,56.69324661331807,5022.060470335653,4.350729219207505,2.1725925409849873,1.8991147113803053,0.5316477313986057,62.804813746130826
CONFIRMED,447.4171980411039,7.365209023484869,2111.206820606953,16.92008086491336,1108.3786241019152,20.79976543547907,6545.349516316581,4.7674109181328745,2.3760655977149696,0.7957372374357123,0.7136305968954547,66.82117973671629
FALSE POSITIVE,352.44134825089134,2.637966663062296,7285.1583814475725,9.133985396297183,607.1170476162498,5.181858340165055,5101.902329556378,4.395845644853986,1.8355336593128857,0.5036156543786963,0.773008925537307,18.991554156397438
CANDIDATE,61.233623770223446,1.048655875565647,7963.365205279824,5.692809240615997,1646.155773806022,12.95368330794462,4502.102937596617,3.6702974720493793,2.2945430272181895,1.7561395991945137,0.3380037843839857,98.42929229884425
CONFIRMED,341.6780629706203,1.9076164501106354,398.3208810958898,17.856900910435872,325.70312982882325,89.81787967608732,6241.200614876988,3.5070656876402784,2.2626147276083857,0.7686799079010593,0.5536729951113937,16.454082878295843
FALSE POSITIVE,390.3804149597048,5.420930536796612,9936.81735971967,1.356423889004866,1132.824306164528,82.3277484419286,5373.012166462599,3.870098654651921,1.2137215962005004,0.7378902681794034,0.932256961283476,62.88100305930155
CANDIDATE,222.9791000104808,1.3793723677125644,8204.413881111272,6.734123174391083,1805.8478334110296,94.98615962406981,3225.282553586076,3.799232745234459,1.6433656844242737,0.7222777888723446,0.6887458000514877,32.5670741999767
CONFIRMED,380.6006610064278,5.57124739146173,4690.138101795294,8.075925353519974,1904.8722572975496,76.66162692456031,3800.8690275512354,3.5611188790780512,2.241761773924115,1.3894609269224267,0.23332893942065913,9.548121789442767
FALSE POSITIVE,441.4031752947926,8.499982072269542,5804.688993389342,0.9954503318646986,1366.3147351051311,0.80133632894545,4464.756544463342,4.337205038122152,1.5245088499696327,1.1902510659139178,0.20927865982395844,65.9877355313813
CANDIDATE,182.7719171939585,8.813360743351446,223.37012586740886,9.008664385396756,1617.7325179060977,44.86967799174851,6191.081354662849,4.379686415619364,2.472305291211937,1.9193723085199608,0.7619549401321943,26.440594035371852
CONFIRMED,53.88574574245393,5.893458743336372,7977.9405095331185,14.757337080101607,1995.7650102104294,79.03616598828337,5912.46933171136,4.491539946758129,0.7648089646798655,1.6771419506187482,0.15338251605344522,48.85894570870215
FALSE POSITIVE,414.1145337667995,3.628973921936596,4207.110572369273,2.458473699920572,228.62258963890557,53.711753539566395,5444.500472754955,3.8378389732273694,2.3645861779440014,1.8981352185662348,0.6338469847796668,34.40469640991408
CANDIDATE,314.0276732758327,1.879457011513404,8474.501752246008,17.564341357268365,1704.1268241428727,27.810023295590558,5135.487981708749,3.538130067052273,1.8242327122521158,0.549720264384392,0.6612195063491234,13.722371389825922
CONFIRMED,101.41924162096367,9.95956917638584,9735.97456606797,6.177385605076619,1508.033847148029,46.640353967766586,3307.668711112888,4.563927313428588,0.791474936207587,0.8604511517929447,0.4663313084279388,73.07803792706326
FALSE POSITIVE,103.09313016230783,1.6618917782856863,220.92255575113165,10.846592487639889,328.3066101426708,36.792917340515174,4086.46923034683,4.697347827693164,0.8574980790487288,0.889282503254994,0.6232979512277854,7.413199205508338
CANDIDATE,73.5469100987071,1.0713648468538373,8186.38137333633,15.707684661136877,998.5350236500774,1.9069857835257413,4397.69098692249,3.5966134744946157,1.7231418705336696,1.4801533761720183,0.7463671222199892,71.31760063786167
CONFIRMED,76.01908586542538,4.97286896662567,7758.789108853526,1.6203734232109892,1157.538139673657,12.03696015821169,4556.326648004357,4.2680768365181,1.4081878183565362,1.811347642369388,0.7648827435679798,21.17327540434108
FALSE POSITIVE,104.29991079782415,3.979804609200667,145.97883915451413,5.01959795800689,271.1849318159385,99.45478354798853,3622.025083981634,3.55064052320112,1.3862033755758527,1.7443769987596476,0.3553272138691391,10.278215041016274
CANDIDATE,357.75985348918255,1.7744188668276815,8396.640745677332,11.579387598631133,1264.6895544475124,2.041839169460008,4674.167385418811,3.8810780722912606,0.5624903595364006,1.9996828370747002,0.4809796341414766,25.778740428205086
CONFIRMED,22.05447600985257,3.2433633262139567,8540.686905351271,2.131692798389647,1010.572519687875,1.8463576506725572,6180.182232682784,4.349774550202678,0.6343921157723178,0.6154019681689867,0.8856610571184014,29.29745488739573
FALSE POSITIVE,133.40260166459055,7.740512362381834,7280.468090158648,1.9513833251343615,1692.5116581643038,18.990894358326532,3586.076927728419,4.744522557965073,2.100371324459708,1.4662868723417466,0.6429139041227532,38.365439535786074
CANDIDATE,264.3834429183272,2.6423964160249236,4332.361497872533,7.6082444883135825,1785.20271922745,11.721038389272456,6150.352658797103,4.444844013375018,1.3265918127683693,0.6829286123342713,0.03752932579105739,21.79618138344996
CONFIRMED,245.10101754154041,7.871895226075101,1179.4154625255267,4.628358723557606,982.9779753866702,1.749209379123166,6357.684312416001,4.55924276472456,0.5866624425497009,1.5082372329853913,0.025005734426911563,61.552070580562514
FALSE POSITIVE,444.4209420609836,2.1364308446454694,2937.44433906331,10.707976321846505,716.2287827010928,47.632155070242014,6507.803914675121,3.9740996418722903,0.603049034904263,1.0048300360793707,0.7272449798929362,35.90581477272181
CANDIDATE,394.03279425783376,9.646678470696635,6539.323901128062,15.605043065970351,228.82056973335665,99.38856333821263,6698.733597518509,4.19195342335272,1.63146501640283,1.312919502243014,0.6240774327677457,67.11293408297195
CONFIRMED,255.799266644848,4.154013332732495,1241.09234853509,16.165867063541782,1057.0104179560708,30.459003410552853,3285.702013464772,4.9826471135786825,0.8671534144477793,0.9649566226973079,0.9791224663147059,58.361710780842344
FALSE POSITIVE,74.38524995001625,9.103338388341847,8295.774850490441,14.758175899794695,1743.1651000370289,94.94334559745995,5775.902125106179,4.748662726976045,2.3503638279053938,1.3887340494367009,0.31108862674441906,56.33806244546663
CANDIDATE,118.60735805105264,8.86962750576149,1591.2097408903337,19.286379529062348,606.0235304029122,42.518575893779186,6035.152264266332,4.250267861415034,2.2383006543534614,0.729631677367241,0.21305762926562388,92.31790524012295
CONFIRMED,215.56860033279372,7.469791533993491,4242.419860133011,6.1804463498084585,1589.4293573057646,38.12610880840117,3925.0433973604345,4.780001773263645,2.38412473443515,1.297983858351625,0.1467796006923291,48.83154041419966
FALSE POSITIVE,300.82488318932144,6.47657381173199,6355.688807569814,11.976720224718154,1393.1090860116399,85.99191240608472,5364.8347018863515,4.915337978175417,1.8408638464865525,1.4357471557047268,0.4276956073430024,23.036013149521423
CANDIDATE,173.40948665365391,8.885592650693225,6617.53817019958,12.331311524679277,658.8588631445283,94.48553099416391,4904.934617321465,4.572989103146856,1.678303836387965,1.31611424562348,0.08046641807000543,81.7313091939168
CONFIRMED,159.2613107386035,9.424744445359035,7620.508760275278,9.006154883299796,1114.1329089293777,76.6920665174937,6629.630245697552,4.986373276929786,2.4117286229540387,1.118712315629674,0.820802650942668,19.114294729192224
FALSE POSITIVE,51.23280243230207,1.7824220965344328,182.13684256679068,19.891335377998917,1045.565547335809,40.90945600866493,6172.361068857697,4.6621500732275285,1.5355976553063901,1.8751002230602882,0.2643123389050659,22.36993865321059
CANDIDATE,411.7882277225488,2.970233685330819,394.4285788447999,10.508656980235132,1937.1405056412932,56.09683289823287,5793.705260836534,3.9930791094460205,2.0103248894539316,1.5279434962767926,0.838442521106152,74.02965831664648
CONFIRMED,307.20840922988873,8.905994410556168,7630.440255277819,6.550250856736474,1907.641490287582,62.048134631456406,4183.829373837608,3.5811185298155874,1.557329996545685,0.5692775150686646,0.7972298880264996,29.872650498247683
FALSE POSITIVE,411.90175090677235,7.03865577643209,5066.072733111315,12.33755726078511,1229.7703141475768,16.908818921409132,5445.379324830923,4.776883429876568,0.7422740269845798,0.9824127283096702,0.4965627056496509,72.66306550400213
CANDIDATE,128.12003551798105,6.414515188726515,3902.882323406198,11.692414243520682,1367.4074655457075,95.81584571604782,3325.0089427033467,4.259529052027039,2.1141046476339387,1.0960870235981772,0.43740730928875915,87.24273361850551
CONFIRMED,431.22702649347497,3.0705545272021637,1241.480465550192,17.437515333789893,1660.1300260037674,33.28944367614907,4006.8345098333502,3.5540920198863635,2.3860594440052214,1.4908985436646873,0.16802834635853847,95.71724796149587
FALSE POSITIVE,345.3928361171474,4.550005601908129,9241.332020782525,10.630454049853089,1665.4381329285202,71.22486242791996,4973.870317868798,3.6411839184849075,0.612925741536845,0.9702785836075807,0.31754378553925855,48.6805971092162
CANDIDATE,104.98921818248002,4.001824447736395,8684.969584023924,14.643880723672794,1633.2918077805305,35.85741408103419,6064.163416932847,4.98511035164228,1.7139250167137214,1.1973864852968048,0.6742872575273754,69.18482831691301
CONFIRMED,139.34494063753297,6.917354483428469,3108.333241843692,13.970193160766748,1908.2054123042676,98.71929045729817,4566.785346077588,4.163221378176543,0.6606493595293479,1.0815856437451636,0.27074643816593236,88.14594075227654
FALSE POSITIVE,212.85376472799143,6.301525325446352,3929.9031403355066,6.476079097873043,1754.8879816558997,15.17567932599583,6079.081544920503,3.914269341419581,1.7510573525473543,1.6180881994246172,0.4282739754260311,43.092261363985315
CANDIDATE,141.25342179016053,2.372296458440447,8033.286412958039,0.9280372170933546,966.9782223494069,83.44331556933635,6311.411538455164,4.154872110181199,1.0966167906662578,1.3320462364197376,0.4056655017750145,79.66905060975895
CONFIRMED,371.7835335177894,8.233294035675065,7666.7067662235595,8.429456933973938,1319.274308498519,16.426080074718612,6502.200448276958,4.360009034917563,0.6383898803006596,1.3281842300475457,0.8566948698758626,28.574349764787126
FALSE POSITIVE,269.47747069912003,8.608859809986644,631.8787832939187,4.752538456514471,524.4730990775362,13.694916055849063,6164.493675473417,4.179734649264128,0.8726921745411667,0.761535063958384,0.539208767339033,74.6692587703769
CANDIDATE,439.6913628100053,8.84379527328865,4888.876593664914,2.612330193323438,1702.564206940181,70.02936976638327,6803.80785056967,4.860418374221029,1.1376626139913115,1.4490877323594797,0.5320804171329191,96.78303171755243
CONFIRMED,288.7513830931998,2.0023825125285972,9255.071597376334,6.2867725713963365,216.44532662429265,73.88739429246478,3396.7431630444626,4.795087181261369,0.7812691904338283,0.7605899829836412,0.33370620939120366,42.99196975781884
FALSE POSITIVE,74.65906475056222,3.316508880620514,3947.019939967879,18.544792201724455,566.3727206392134,0.30785786476543686,3767.3139555027983,4.61566430338029,1.4165293347454648,1.0392323703600794,0.8078777309811759,60.33062559031762
CANDIDATE,247.2510451656705,1.9687860856485058,7852.011017633234,17.22438385149346,325.57331668649056,84.64464084784373,4903.60271017816,3.978953634416592,1.611406792952137,0.6057756136308573,0.26319945482821316,84.69992081568742
CONFIRMED,376.19210840798786,5.710983642617101,673.5290392191288,19.749012158880106,384.9927602587528,60.564636089325006,6657.017247704915,4.985078177354906,1.3172174785658315,1.2331907974952603,0.3250668212201624,60.731895291707986
FALSE POSITIVE,202.01201419967273,7.165820946704404,1988.0318292532386,9.814137890465927,290.2854527507039,8.987271748771404,6330.3657920943715,3.5241872983128117,2.3664910945508186,1.8915903010495458,0.9234034878432913,75.78487713970316
CANDIDATE,427.71978980048704,9.584998380676625,2581.8093518662954,11.539575081363328,954.6945615684805,99.94982435817579,3440.719103830812,4.042572243858221,1.6701071202818016,0.9729044946105281,0.12498804256812601,46.083174962235084
CONFIRMED,356.594029343761,1.3095396428939656,1257.5426880431773,0.6370750676772867,799.7923837667589,8.470030962395613,3701.4095941021374,3.5776224912281602,1.9886736471039093,1.1156329149580548,0.5290484208033986,79.27076508151916
FALSE POSITIVE,109.4084545201843,6.737185789371247,7749.62875283743,8.888624450676302,554.7867691138656,44.310756333885664,5905.698690055942,4.533805109191796,0.6706327391532647,1.1155300245783906,0.4650390128450018,7.090647496524021
CANDIDATE,202.0629249244531,3.6919340534522913,8063.6305143565605,4.772586492778958,466.87483030874193,2.652067575729698,3948.340071438698,3.8244441124677446,1.4990252035825489,1.6917330700009812,0.688363890373598,65.75405885943414
